"Clelia Otis",6l7GzVxLHiLDnLhwvefiZQ==
"Wilburn Marchetti",7QKBlU8fa3MgvI73rNicaQ==
"Mauro Bator",KkzCa9V5wnuA4T7vam99qw==
"Norma Henrickson",zruqfvKH5rqmSNdwFCDOjw==
"Hung Denis",Czu7KsCTCgn696zGh8vcEw==
"Josef Saracino",IvcV1QBYFX1WKS2JuI4JcA==
"Leonida Ryberg",ui5v1lLH01C5P+wIb35UOQ==
"Santiago Suazo",ZLocoalnSIsDYSqzIKQN0w==
"Margherita Betters",9cBUPE8V5UdeqrL/bF5JJw==
"Darcy Zale",u25fRksWJrdPaUqU1B3wnQ==
"Teisha Byler",Xc84mg9nlcy6ii6IjZmZGw==
"Matt Gooslin",iTzzPyW8mrLzWZEWf7T9KQ==
"Cristy Deloatch",03iaMGmlgzXSIF1FCXtYyA==
"Isiah Younan",sz4lBuGx8J6FT/uybZ/LIg==
"Frances Westlake",jlCXTnTW3ntR2QEg6aRfeA==
"Catharine Mccutchen",EGH0qLZTqtTRutd4P2Z+IQ==
"Venita Maisonet",z3oM1bwx931HZxqkKfamaw==
"Christopher Deshaies",qrFzckMDaqBe6s2NDU9fPw==
"Elizbeth Leflore",eBLCrnixzs+JchtDn5mpcQ==
"Willow Bockelman",MxqUKuQmBVL2+Yeq1pRC1g==
"Kami Beier",OX53gAaKHAx9BhC/xNtxGA==
"Marcos Dezzutti",76BtlAIVBTrJu0dOMUO7IA==
"Denita Ryland",QyWGlXVFl9tyofE/V+jfFA==
"Darlene Connolly",vTHThRosqfLTDj0tt9coHQ==
"Denese Mauro",q3pc+bbvHYCKjj3qFOb2zA==
"Meredith Blakney",U2EhRnd/YY8Y847XGqW2Rg==
"Shakira Mccalla",efec+l8Mr4035I8LnIgCAA==
"Vernie Mort",icWbezzl0oXlgomqss/0Og==
"Brittani Ellerbe",7fIGTvr8wMLUaLpPZ7V5RQ==
"Garnett Gardener",jXRD9IljO9X/Ztb5+vkqDg==
"Rosena Kershaw",dYfH94SjlO3UXcKhGil+LQ==
"Esteban Rademacher",JBMGaYGejL6o1no53fLFxg==
"Nathaniel Simien",0HIF3C8ul0Ot6++UKW7lpg==
"Elba Wiest",DeGuz3B99JBnijeqRgT7NA==
"Cherryl Schertz",GYKf82fF7mGfUvQfExkt+Q==
"Guadalupe Judd",Jz1uX8o23GpScIgloBmt6A==
"Hyon Drennan",W3xr5lhpG51ZHeUKDSml7w==
"Ivy Bracy",CGTGOkQbBPbUEMysg88IsA==
"Randa Gosney",PTm+PB0Yuf5qT79oLVPMbw==
"Graig Scholes",hXuXgUcOrPf7+n3GS9Sj9w==
"Machelle Weil",n04Ar/UKWVoeoNR3FDkdlQ==
"Elvis Braun",LLrEGFJMo0+FX6Nqje6Oqg==
"Everette Pullin",qNoSTwvy3TCCgLjQpkRE+Q==
"Hwa Gauldin",M/lz1DNdJFHOrsWyPR5KzQ==
"Le Kampf",3sAlVjizpQOdfMUmRuWKpA==
"Cesar Eastep",aepUBDbyxWg59MiE/jP4jA==
"Jenice Holcombe",19LzTr1gmk2gxiQEsK/QjQ==
"Berry Futch",4JekcdsMwNb+APoLj7JZnQ==
"Xuan Fleet",B8UEV0bwa7usIM6T4kK1oA==
"Jeanene Morlock",uC4dFMVRxWx19GkTdki9bQ==
"Eugenia Cabe",D0raRBfvf0dX61zCXW+Lqg==
"Jeraldine Alfaro",I85uo2l/B9vW/bIdZSLerw==
"Zelda Lent",vLbebdxJbZn9tG+dMvfEhA==
"Manda Hayhurst",ppSBMfhU9mqU1f+D42WMdA==
"Moriah Echevarria",uqmDBeG/QZB+tH23zgdf+g==
"Tanna Vermeulen",guXgEg5zY45O1qHGqnxZ/A==
"Lynwood Jasmin",0HcPm/bV22oDRnOWK/ZRDA==
"Candance Wragg",eKdfuUC8bzWMaXeK8MC0oA==
"Mitchell Rousseau",VkhaFZE7v8wv0cZrSIycdA==
"Laurinda Verdun",y+AflBa83MZb7+0hyrL7Pw==
"Edmund Cornell",BNjBBpeEvFxj1wBOhj0GTQ==
"Yong Selle",6RPAnoOKVXpZYx69tv8Vqg==
"Cherrie Dunkerson",EKkukBNpbxFjAqe9jAYq0A==
"Brandy Boler",RnTuyP2kNu2+7HY7wLzjZg==
"Henrietta Busey",3CqlXrHbwMcnfJiJfTT0sg==
"Steve Nova",osRhz8YGUvFqj5BLwTZe6A==
"Simone Mcguckin",pkWQMYvfaY+fEXpgxkw1HA==
"Mariam Malagon",T+5uvpBQvolFvveT73U4fQ==
"Trenton Kovats",YkDpBbiX3Zt+NM3N00Dbqw==
"Lissette Huson",MktV3k/CN1UFKz//Rvselw==
"Loriann Javier",HFJLiE/III6feL6uP0HCXQ==
"Cecelia Bevil",JtznVZRQfbGrIE//84pLqA==
"Emanuel Kuzma",twFwZfYOVldZ19RdkQN86g==
"Ebonie Hickey",EHFAaoUtGxBhv4LBc8gb8A==
"Lorenzo Cota",faBclEGW+HfWIurP1f6t3w==
"Hana Gadison",TpRvS+ejqGRyiPI9BLxXKQ==
"Karey Otten",l77Li41FO/KH2j4vpTe1/g==
"Berna Mott",BzX7chKAKXzxIcN5ILUdfQ==
"Jannet Brighton",hFyFxHjKaErG/+rw5DaqQg==
"Aida Lipman",tCxnSb819NnjeFitpMab9w==
"Brunilda Lady",Lc+p7uTeNmAhmP59cx3s6w==
"Caryn Depew",ihD9WRQvQH2bkSjarFkXtw==
"Dusty Pinnell",v9EKEhnrsR1Py3NSLU8S4Q==
"Ardis Down",Nsr9ddXfoRjPip0MPxRU5w==
"Jeana Desrosiers",TDvqyY1FyBfx+9manSOqdA==
"Mirna Meinke",IfQQXfbV2WRS78831f8dHQ==
"Dulce Gettys",9qk/53N7xeyQnKBCWnb+VA==
"Glenda Seelye",hL1QHYfcF6Bx78P1+vi47w==
"Allan Wynkoop",wsUj0DUTyNXeRTV4ENfd3A==
"Vince Lough",tzgv3YCBcYWkjC4lHww8vw==
"Laquanda Crisler",pe+9mtyLaCqeCvx1v//UuQ==
"Lan Blaker",bDwaikwCTcRl49iHSEn50g==
"Toshiko Saladin",PBPSusj5nbuAcdQH68S2Fg==
"Christi Schlagel",kI2IXL+Pq921RpOLf86QVw==
"Clemente Troutt",J/kziJZQnMP/AEhgr3/00g==
"Natalia Alix",ehdmolYfVAA2vU+G1KVtTw==
"Parthenia Warrior",kt36xSSRsgGy4u0BF16xyQ==
"Mandie Perone",lyC1V1qCOVzjwKbRzLa16Q==
"Alica Saint",SspGBh/APQDZCb7U0oKmnw==
"Jamison Kemmerer",j74bGKj44bNIysz9JQ54tQ==